{"train/loss": 1.534, "train/grad_norm": 10.36335277557373, "train/learning_rate": 4e-14, "train/epoch": 2.0, "train/global_step": 20, "_timestamp": 1728057331.295116, "_runtime": 34.441565990448, "_step": 2, "eval/loss": 1.5436393022537231, "eval/accuracy": 0.48, "eval/precision": 0.23040000000000002, "eval/recall": 0.48, "eval/f1": 0.3113513513513514, "eval/runtime": 3.5346, "eval/samples_per_second": 21.219, "eval/steps_per_second": 2.829}