{"train/loss": 1.5758, "train/grad_norm": 7.9976115226745605, "train/learning_rate": 3e-06, "train/epoch": 1.0, "train/global_step": 34, "_timestamp": 1728056513.7902472, "_runtime": 188.65454816818237, "_step": 8, "eval/loss": 1.513697862625122, "eval/accuracy": 0.4, "eval/precision": 0.20740740740740737, "eval/recall": 0.4, "eval/f1": 0.2731707317073171, "eval/runtime": 1.3834, "eval/samples_per_second": 21.685, "eval/steps_per_second": 2.891, "train/train_runtime": 30.7278, "train/train_samples_per_second": 8.754, "train/train_steps_per_second": 1.106, "train/total_flos": 411905723362560.0, "train/train_loss": 1.610793155782363}