{"train/loss": 1.739, "train/grad_norm": 12.93746566772461, "train/learning_rate": 2e-13, "train/epoch": 10.0, "train/global_step": 100, "_timestamp": 1728060960.193244, "_runtime": 422.4052629470825, "_step": 20, "eval/loss": 1.7397072315216064, "eval/accuracy": 0.28, "eval/precision": 0.07840000000000001, "eval/recall": 0.28, "eval/f1": 0.1225, "eval/runtime": 10.6516, "eval/samples_per_second": 7.041, "eval/steps_per_second": 0.939, "train/train_runtime": 423.7445, "train/train_samples_per_second": 7.056, "train/train_steps_per_second": 0.236, "train/total_flos": 4578431646297600.0, "train/train_loss": 1.7329472923278808}