{"train/loss": 1.5953, "train/grad_norm": 10.166519165039062, "train/learning_rate": 2e-13, "train/epoch": 10.0, "train/global_step": 100, "_timestamp": 1728061364.824846, "_runtime": 409.7113449573517, "_step": 20, "eval/loss": 1.597971796989441, "eval/accuracy": 0.10666666666666667, "eval/precision": 0.011377777777777778, "eval/recall": 0.10666666666666667, "eval/f1": 0.020562248995983936, "eval/runtime": 10.5313, "eval/samples_per_second": 7.122, "eval/steps_per_second": 0.95, "train/train_runtime": 410.9913, "train/train_samples_per_second": 7.275, "train/train_steps_per_second": 0.243, "train/total_flos": 4578431646297600.0, "train/train_loss": 1.6009432506561279}