{"train/loss": 1.534, "train/grad_norm": 10.595512390136719, "train/learning_rate": 2e-07, "train/epoch": 10.0, "train/global_step": 100, "_timestamp": 1728057545.2875824, "_runtime": 142.5772364139557, "_step": 20, "eval/loss": 1.52975332736969, "eval/accuracy": 0.30666666666666664, "eval/precision": 0.20434260774686305, "eval/recall": 0.30666666666666664, "eval/f1": 0.2395653201039452, "eval/runtime": 3.4649, "eval/samples_per_second": 21.646, "eval/steps_per_second": 2.886, "train/train_runtime": 143.8475, "train/train_samples_per_second": 20.786, "train/train_steps_per_second": 0.695, "train/total_flos": 4578431646297600.0, "train/train_loss": 1.5627803230285644}