{"train/loss": 1.4135, "train/grad_norm": 7.202205181121826, "train/learning_rate": 3.4000000000000003e-07, "train/epoch": 10.0, "train/global_step": 170, "_timestamp": 1728057004.2686634, "_runtime": 327.97590947151184, "_step": 41, "eval/loss": 1.4226466417312622, "eval/accuracy": 0.4666666666666667, "eval/precision": 0.21777777777777776, "eval/recall": 0.4666666666666667, "eval/f1": 0.29696969696969694, "eval/runtime": 1.3617, "eval/samples_per_second": 22.032, "eval/steps_per_second": 2.938, "train/train_runtime": 215.0418, "train/train_samples_per_second": 12.509, "train/train_steps_per_second": 0.791, "train/total_flos": 4119057233625600.0, "train/train_loss": 1.4616677845225614}