{"train/loss": 1.5493, "train/grad_norm": 6.8353071212768555, "train/learning_rate": 2e-14, "train/epoch": 1.0, "train/global_step": 10, "_timestamp": 1728060222.8746479, "_runtime": 21.74129295349121, "_step": 0}